{
    "models": [
        {
            "id": 1,
            "classifier_type": "kNN",
            "image_type": "gray",
            "lbp_radius": 1,
            "distances": [
                1
            ],
            "step_size": 32,
            "cell_size": [
                64,
                64
            ],
            "angles": [
                0.0
            ],
            "num_of_neighbors": 1,
            "combine_distances": 0,
            "combine_angles": 0,
            "functions": [
                "angular second moment"
            ],
            "mean": [
                0.00269586610685941,
                0.0027146985819790893,
                0.0029645930276045603,
                0.003161018892510707,
                0.0034353089470742014,
                0.004396421370967741,
                0.002671562765731294,
                0.002694130241795791,
                0.002967650167705972,
                0.0029192846119929445,
                0.00330072834978899,
                0.0045753121748178995,
                0.0027497788033037287,
                0.002891622722584404,
                0.003116788164918746,
                0.003073209463183421,
                0.002974016646589191,
                0.003257100147957856,
                0.003001757544581618,
                0.0032498543398841017,
                0.003426680471571344,
                0.003362183222054251,
                0.0031401783964614648,
                0.003390791204185456,
                0.0042464647896195504,
                0.004739366811539431,
                0.004272663926681785,
                0.004186547304106828,
                0.004328132873519779,
                0.005466636316337147
            ],
            "sigma": [
                0.0007807569631581348,
                0.0007311009739155669,
                0.0010175107124669965,
                0.0010947602624231379,
                0.0027530052713289816,
                0.009292564539671977,
                0.0007103897260457015,
                0.0005490206512110555,
                0.001021715388933647,
                0.0007531021162868818,
                0.0033512887616409743,
                0.011906025967136451,
                0.0007377341646868219,
                0.0007899853530013022,
                0.0012171678660915762,
                0.0010226148625568229,
                0.0011209751615186615,
                0.0013744282968457882,
                0.0009662821698642723,
                0.0014008130760077655,
                0.0015211237944400917,
                0.0011281500799736337,
                0.0010192068133352764,
                0.0010196412231034922,
                0.001996461711809769,
                0.0038189888324857003,
                0.0020840507319743215,
                0.0022506496986228752,
                0.003488688763925795,
                0.0034578334083143992
            ],
            "error": 0.5
        },
        {
            "id": 2,
            "classifier_type": "SVM",
            "image_type": "grad",
            "lbp_radius": 1,
            "distances": [
                1
            ],
            "step_size": 32,
            "cell_size": [
                64,
                64
            ],
            "angles": [
                0.0
            ],
            "num_of_neighbors": 1,
            "combine_distances": 0,
            "combine_angles": 0,
            "functions": [
                "correlation"
            ],
            "mean": [
                0.004434944179253492,
                0.0044248592087297875,
                0.004430123544402329,
                0.004436005174639299,
                0.0044446708467337556,
                0.00445535658210019,
                0.00440333764678711,
                0.0044026140983013575,
                0.0044167993296855765,
                0.004412500334817569,
                0.004421873851778367,
                0.004437696245007498,
                0.004418427488665221,
                0.004416177167240354,
                0.004425961511147669,
                0.0044228800702379705,
                0.004425324460416882,
                0.004430714334218338,
                0.00446285349702295,
                0.004448463859137618,
                0.0044626196757852656,
                0.004469824838371564,
                0.004470991414398407,
                0.004476263088048261,
                0.004538128754588256,
                0.004515439045988765,
                0.004542570037274169,
                0.004553590572031282,
                0.004561741208829212,
                0.004578295561200547
            ],
            "sigma": [
                6.388172628610975e-05,
                6.133183633796096e-05,
                6.904975350103032e-05,
                5.7014908833231444e-05,
                5.267936950670131e-05,
                6.868413088502588e-05,
                6.979156306443471e-05,
                5.603466062958424e-05,
                5.215736253771244e-05,
                5.806945637315248e-05,
                5.668725981428464e-05,
                6.92451665440872e-05,
                5.7236516409105316e-05,
                5.616253657821825e-05,
                5.358908574900802e-05,
                5.246985999064752e-05,
                5.7193812142098987e-05,
                6.696107877442608e-05,
                4.946611262029253e-05,
                5.23311799365443e-05,
                5.863512762906292e-05,
                5.44173265409115e-05,
                6.515713487579564e-05,
                7.475423174976254e-05,
                6.277230392419733e-05,
                6.930820860519385e-05,
                6.861490688294688e-05,
                8.297769319273473e-05,
                8.519229264430074e-05,
                0.00010233381651247112
            ],
            "error": 0.30000000000000004
        },
        {
            "id": 3,
            "classifier_type": "SVM",
            "image_type": "gray",
            "lbp_radius": 1,
            "distances": [
                1
            ],
            "step_size": 32,
            "cell_size": [
                64,
                64
            ],
            "angles": [
                0.0,
                0.7853981633974483
            ],
            "num_of_neighbors": 1,
            "combine_distances": 0,
            "combine_angles": 0,
            "functions": [
                "inverse difference moment"
            ],